"id","govern_number","vendor_model_name"
"1","B5900YM","Hyundai Accent"
"2","Q3392MW","GMC 3500"
"3","V7332SK","GMC 3500"
"4","D7126KF","Buick Rendezvous"
"5","O1790AD","Ford Galaxie"
"6","X4943DL","Hyundai Accent"
"7","X8451SH","Jaguar XK Series"
"8","E4910MR","Mercedes-Benz C-Class"
"9","X2174BQ","Pontiac Grand Am"
"10","S7340GR","Ford Contour"
"11","V5430OL","GMC Vandura 1500"
"12","N4536WK","Mitsubishi Excel"
"13","R7256LS","Volkswagen Jetta"
"14","N8070UU","Lexus LX"
"15","J3648GI","Toyota RAV4"
"16","V1814GY","Ford LTD"
"17","L0987CK","Chevrolet Beretta"
"18","X7486SL","Dodge Charger"
"19","W5783AM","Isuzu i-Series"
"20","J9930PS","Mercedes-Benz S-Class"
"21","O2590MO","Buick Somerset"
"22","R3526HS","Saab 9-3"
"23","F0008ZW","Honda Civic"
"24","Z8921VA","Porsche 911"
"25","Z5931SJ","Nissan Quest"
"26","F4196FS","Buick Regal"
"27","F4069WB","Lexus HS"
"28","D2296MG","Mazda MX-5"
"29","P2172BP","Pontiac Firebird"
"30","O4969YZ","Chevrolet Express 2500"
"31","V8172ZS","Audi A6"
"32","M7787ED","Chevrolet Corvette"
"33","Y0962TF","Volkswagen Passat"
"34","R0052NY","BMW 1 Series"
"35","G3272YS","Lincoln Town Car"
"36","F3987HW","Saab 9-5"
"37","Z3894VF","Mercedes-Benz SLK-Class"
"38","K5503AI","Pontiac G8"
"39","W1169CR","Mercury Mountaineer"
"40","Q9299MM","Hyundai Sonata"
"41","V0421TW","Infiniti QX56"
"42","S6484XU","Ford Explorer Sport Trac"
"43","W2722LD","Mazda CX-9"
"44","P1387GK","Ford Mustang"
"45","Z8949RE","Ford E150"
"46","O6305OF","Mazda Familia"
"47","Q1211TX","Kia Sportage"
"48","U3776BY","Dodge Intrepid"
"49","Y3632DI","Chrysler Fifth Ave"
"50","E8694JH","Chevrolet Lumina"
"51","I3979FK","Audi Coupe GT"
"52","A3186HD","Honda Civic Si"
"53","F1139LQ","Mitsubishi Eclipse"
"54","G2544GQ","GMC Sierra 2500"
"55","G2786OC","Toyota Corolla"
"56","L3068MA","Cadillac SRX"
"57","N3435HF","Mercedes-Benz SL-Class"
"58","H3178OQ","Land Rover LR2"
"59","A8676HZ","Suzuki Grand Vitara"
"60","X7484SP","Jeep Cherokee"
"61","C0199TW","Ford Laser"
"62","W9307PY","Ford F350"
"63","N1329DT","Mitsubishi Galant"
"64","H4442DG","Volvo XC70"
"65","C5443ZD","Oldsmobile Silhouette"
"66","F7211RA","Audi A5"
"67","R6061GZ","Smart Fortwo"
"68","L9852QD","Dodge Grand Caravan"
"69","U2767ZM","Buick Century"
"70","V3612AU","Ford ZX2"
"71","B4646BD","Mitsubishi Pajero"
"72","Q2468QI","Chevrolet Corvair"
"73","S9687BK","Dodge Nitro"
"74","O3635PY","GMC Yukon XL 1500"
"75","A9536WR","Plymouth Colt"
"76","U0476ZM","Lexus LX"
"77","Z2576TP","Buick Century"
"78","Q4751CL","Buick Rendezvous"
"79","M2581VJ","Ford Focus"
"80","T8312FZ","Dodge Ram"
"81","V1992OW","Pontiac Grand Prix"
"82","Y7181NB","Mercedes-Benz SL-Class"
"83","F3335BL","Nissan Altima"
"84","I7372GE","Ford E350"
"85","G3362WK","Buick Coachbuilder"
"86","G4347LD","Chevrolet Corvette"
"87","D7266KF","Lexus GX"
"88","M2217FG","Mercedes-Benz E-Class"
"89","K7727EW","Saab 9-3"
"90","E4966LA","Lexus RX"
"91","S9390DY","Ford E350"
"92","S6899FC","Chevrolet Cruze"
"93","T9026MM","Ford Econoline E150"
"94","V6106SF","Volkswagen Vanagon"
"95","B5151WP","Chevrolet Caprice"
"96","C8833HS","Maybach 57"
"97","S0145HL","Chevrolet Corsica"
"98","W1439FT","Lexus RX"
"99","P5338TW","Chevrolet Suburban"
"100","M6562GT","Mercedes-Benz C-Class"
