"id","full_name"
"1","Dominica Webber"
"2","Myles Busfield"
"3","Ardelia Weighell"
"4","Adelbert De Ortega"
"5","Pru Trenoweth"
"6","Cad Gaudin"
"7","Deborah Dilland"
"8","Kassey Mac Geaney"
"9","Bert Slimings"
"10","Winslow Luckings"
"11","Rickard Kryszka"
"12","Dorthy Donisi"
"13","Elias Braunston"
"14","Prudence Belsher"
"15","Marcel Fennelly"
"16","Brendin Penrose"
"17","Bonita Gamon"
"18","Fiorenze Cluley"
"19","Tierney Legan"
"20","Domenic Gregorowicz"
"21","Hilly Mannock"
"22","Stormy Weeks"
"23","Truman Goodram"
"24","Baxy Fulger"
"25","Maud Spadaro"
"26","Chere Tether"
"27","Skipp Kendred"
"28","Velvet Roskelley"
"29","Vasilis Yitzovitz"
"30","Thom Lowdwell"
"31","Lorilyn Brotherick"
"32","Sidoney Greguoli"
"33","Artair Crolly"
"34","Nalani O'Lahy"
"35","Cherey Whinney"
"36","Elliot Bussons"
"37","Seana Thorndale"
"38","Giordano Bernhart"
"39","Rodrigo Harnwell"
"40","Adrian Dooley"
"41","Bria Stanlock"
"42","Elsinore Hutcheon"
"43","Titus Strase"
"44","Ferdy Crosi"
"45","Quillan Blissett"
"46","Darill Heddan"
"47","Annabella Donald"
"48","Rosaline Gavigan"
"49","Billy Lathe"
"50","Sophi Minards"
"51","Bentlee Bullon"
"52","Koral Guidetti"
"53","Si Sidden"
"54","Afton Garvey"
"55","Cazzie Costy"
"56","Carlita McFeat"
"57","Aggi Paxton"
"58","Homerus Seaman"
"59","Dahlia Casillis"
"60","Bryn Lutty"
"61","Korella Cotsford"
"62","Patrica Lindores"
"63","Darcy Sambiedge"
"64","Shanda Bernakiewicz"
"65","Farris Lafond"
"66","Joell Mufford"
"67","Cullie Peare"
"68","Hynda McArdell"
"69","Tamas Shekle"
"70","Timotheus La Wille"
"71","Jillana Grevatt"
"72","Gregorio Nance"
"73","Fulvia Grigorkin"
"74","Kylila Trays"
"75","Jim MacCole"
"76","Lotti Seely"
"77","Blancha Klemz"
"78","Gloriana Pollastrone"
"79","Wes Bianco"
"80","Lemmie O'Shaughnessy"
"81","Jerad Touzey"
"82","Lazar Spada"
"83","Mame Bussen"
"84","Ardith Wintour"
"85","Merrily Clayson"
"86","Lew Dayly"
"87","Cristy Fullom"
"88","Shayna O' Cuolahan"
"89","Nancy Lenihan"
"90","Darn Shervil"
"91","Tasia Woodworth"
"92","Fredra Bumpas"
"93","Arlena Jewkes"
"94","Sherill Oliphard"
"95","Les Thresh"
"96","Batholomew Fleischer"
"97","Haskell Mingey"
"98","Chandal Masse"
"99","Leontine Anand"
"100","Teena Huckel"
